longitude,latitude,month,day,avg_temp,max_temp,max_wind_speed,avg_wind,burned_area
4,6,05-May,06-sat,-5.3,3.6,7.4,1.01,9.8
4,6,03-Mar,01-mon,0.3,4.5,6.5,3.34,9.1
5,5,06-Jun,03-wed,-4.4,1.7,10.2,2.73,2.8
5,6,04-Apr,03-wed,-0.0,11.3,4.1,1.86,4.7
7,5,03-Mar,03-wed,-3.5,1.5,4.1,2.86,5.6
7,6,04-Apr,03-wed,1.7,8.0,6.6,1.41,5.9
3,4,04-Apr,05-fri,-1.9,5.0,4.4,1.71,0.6
3,5,03-Mar,01-mon,4.2,11.2,5.3,3.71,0.1
7,6,01-Jan,05-fri,1.7,10.2,8.1,1.52,2.6
7,7,03-Mar,00-sun,1.2,12.7,13.6,2.14,0.9
6,6,03-Mar,00-sun,0.7,5.9,10.9,3.62,0.1
5,7,03-Mar,05-fri,-0.8,3.3,10.2,2.98,11.1
3,7,03-Mar,00-sun,8.7,13.4,7.5,0.72,2.2
5,4,06-Jun,03-wed,-3.7,7.3,15.2,1.02,0.5
5,5,05-May,06-sat,1.8,10.6,8.8,0.53,4.7
7,6,03-Mar,01-mon,-2.0,3.5,5.0,2.71,0.3
6,4,02-Feb,06-sat,3.3,13.6,11.4,2.07,0.5
4,6,02-Feb,02-tue,3.6,14.4,5.4,0.97,6.4
6,7,10-Oct,04-thu,-0.1,10.5,8.1,3.85,1.6
6,5,03-Mar,05-fri,-0.5,10.8,10.1,2.35,2.8
5,6,03-Mar,02-tue,0.5,5.7,14.5,1.35,6.0
6,6,03-Mar,04-thu,0.0,9.8,9.9,2.25,0.9
3,7,04-Apr,02-tue,7.2,14.4,12.4,2.88,2.7
5,6,03-Mar,01-mon,1.2,11.8,15.9,0.77,5.0
3,6,04-Apr,06-sat,1.6,11.1,5.6,1.46,0.6
4,7,09-Sep,02-tue,4.1,14.1,7.3,3.32,0.2
5,4,03-Mar,05-fri,-1.4,7.5,8.7,2.11,0.8
4,7,10-Oct,05-fri,0.1,4.7,9.1,2.41,0.5
5,4,03-Mar,05-fri,0.4,8.3,8.9,2.01,11.3
7,5,02-Feb,01-mon,1.9,13.8,14.9,0.65,1.4
6,4,05-May,02-tue,-1.8,9.6,12.6,1.08,0.1
7,4,04-Apr,00-sun,-2.2,1.2,11.3,2.06,0.4
4,5,11-Nov,04-thu,1.8,6.3,7.7,1.23,1.6
6,4,03-Mar,01-mon,-1.9,2.2,13.9,0.67,5.8
5,7,08-Aug,04-thu,0.8,10.3,15.5,3.45,0.1
6,4,03-Mar,01-mon,3.1,13.5,13.9,3.93,3.8
3,5,02-Feb,04-thu,0.7,5.6,4.0,3.28,3.4
6,7,06-Jun,01-mon,-3.5,4.1,11.6,3.49,1.3
3,5,03-Mar,06-sat,2.1,12.6,4.6,1.35,7.8
6,5,03-Mar,05-fri,-1.1,8.4,7.1,3.86,1.0
3,6,05-May,01-mon,4.2,12.1,4.7,1.19,10.7
4,6,03-Mar,03-wed,2.3,10.6,11.2,3.83,0.4
7,5,04-Apr,00-sun,1.2,8.8,12.2,3.98,40.7
5,5,03-Mar,01-mon,3.3,9.0,5.4,2.99,1.1
6,5,03-Mar,06-sat,-0.5,7.6,8.6,3.93,10.5
7,6,03-Mar,06-sat,4.5,13.7,9.5,2.49,39.0
5,6,03-Mar,06-sat,1.6,12.5,8.4,1.41,0.3
5,4,04-Apr,04-thu,2.9,11.6,5.5,2.03,0.4
3,4,09-Sep,01-mon,-1.8,8.0,9.0,2.58,3.3
4,5,02-Feb,03-wed,6.1,10.6,13.0,0.76,11.7
4,7,04-Apr,02-tue,1.2,8.4,4.9,2.68,1.9
7,7,03-Mar,04-thu,7.8,10.9,5.0,3.93,2.2
4,6,04-Apr,00-sun,-1.1,4.1,8.3,1.17,0.4
6,6,06-Jun,06-sat,-1.6,8.0,15.3,3.27,1.2
4,6,01-Jan,06-sat,-0.6,11.3,12.0,3.68,2.1
7,5,12-Dec,01-mon,0.6,4.5,12.1,3.8,0.1
4,7,03-Mar,00-sun,3.1,9.7,8.3,3.86,5.4
6,4,01-Jan,03-wed,5.9,16.1,11.1,2.33,0.1
3,5,03-Mar,01-mon,10.1,15.0,4.1,3.92,7.4
7,4,10-Oct,01-mon,-0.3,7.7,11.6,3.15,0.1
3,4,02-Feb,02-tue,-0.6,9.0,15.0,1.07,1.8
3,5,03-Mar,03-wed,3.5,12.1,11.4,2.17,7.0
3,4,03-Mar,02-tue,-2.1,2.6,14.5,3.01,3.6
5,7,09-Sep,00-sun,0.4,6.6,12.7,1.37,2.2
5,4,02-Feb,06-sat,0.7,10.7,5.4,2.74,2.7
3,7,03-Mar,05-fri,1.9,9.9,14.8,2.83,1.1
7,7,04-Apr,03-wed,3.3,6.3,4.8,1.07,34.7
6,7,05-May,01-mon,-1.6,8.3,10.4,2.48,7.1
6,6,02-Feb,02-tue,5.0,8.3,5.7,3.2,2.1
4,4,04-Apr,01-mon,2.6,12.3,4.1,2.25,4.3
7,5,02-Feb,06-sat,-3.4,1.4,9.1,0.54,0.3
5,5,01-Jan,05-fri,-0.2,11.4,7.5,0.53,2.5
3,4,03-Mar,01-mon,-3.4,2.9,9.8,1.75,1.1
4,6,05-May,00-sun,4.8,10.7,10.9,3.74,1.4
6,6,04-Apr,05-fri,-0.3,4.0,4.5,1.3,13.8
5,7,11-Nov,02-tue,6.6,12.3,5.5,2.72,1.4
5,4,03-Mar,03-wed,-3.6,7.2,10.7,1.28,0.4
3,4,04-Apr,03-wed,-1.7,10.2,8.1,1.63,2.4
6,5,08-Aug,00-sun,0.2,6.6,12.8,3.47,2.2
7,4,03-Mar,06-sat,1.8,8.8,11.8,3.05,1.6
5,6,05-May,00-sun,0.3,9.8,14.1,0.83,7.7
3,4,02-Feb,03-wed,-1.6,9.4,12.3,2.0,2.0
7,5,05-May,00-sun,2.9,11.2,9.2,0.6,1.6
6,7,03-Mar,05-fri,3.6,10.1,12.1,2.18,5.9
5,5,03-Mar,06-sat,2.5,9.2,7.3,2.82,4.5
7,5,10-Oct,05-fri,-2.1,7.2,7.7,0.91,2.2
7,7,08-Aug,01-mon,-1.2,1.8,13.5,1.51,3.0
7,5,03-Mar,06-sat,0.4,9.0,9.4,1.89,1.0
5,5,03-Mar,05-fri,-3.7,2.5,13.6,3.72,6.0
5,4,03-Mar,00-sun,1.1,11.2,13.9,3.98,2.8
4,4,03-Mar,02-tue,0.8,4.6,14.3,0.66,1.5
6,7,03-Mar,02-tue,4.4,12.7,15.0,3.16,10.6
3,4,03-Mar,06-sat,-5.5,1.9,9.2,1.8,4.1
7,4,03-Mar,03-wed,2.0,10.7,7.8,1.87,5.5
4,5,02-Feb,03-wed,-1.3,2.3,11.0,3.14,4.6
3,6,11-Nov,01-mon,2.2,10.4,8.5,3.71,3.9
4,4,03-Mar,01-mon,2.4,10.4,11.2,3.83,27.8
5,6,03-Mar,05-fri,1.0,9.0,12.5,2.52,9.3
7,4,12-Dec,03-wed,4.6,13.0,12.3,1.75,1.7
3,4,03-Mar,04-thu,-2.5,6.6,8.5,3.26,10.0
3,7,08-Aug,07-hol,1.2,11.4,6.0,1.38,0.8
3,7,05-May,05-fri,-3.4,2.1,9.2,2.47,8.2
3,7,03-Mar,00-sun,-3.4,7.0,5.7,1.76,30.2
3,6,04-Apr,00-sun,-0.8,6.7,14.7,2.8,0.2
4,5,06-Jun,01-mon,-8.5,-4.8,8.2,1.34,0.3
7,4,05-May,02-tue,-0.5,3.0,5.9,1.17,2.2
5,4,01-Jan,06-sat,1.7,7.7,4.3,3.71,1.7
5,4,04-Apr,01-mon,3.7,13.8,11.7,0.86,5.3
5,6,03-Mar,03-wed,3.2,12.6,11.6,2.27,0.1
5,7,05-May,03-wed,-5.4,4.7,8.1,1.27,4.9
4,5,03-Mar,05-fri,-1.3,6.4,4.9,0.64,0.2
6,6,03-Mar,04-thu,2.8,9.8,8.9,0.63,4.8
7,7,04-Apr,01-mon,2.5,6.9,7.7,1.11,4.9
3,6,03-Mar,02-tue,4.9,10.9,12.1,3.53,4.4
6,5,01-Jan,05-fri,6.1,13.0,11.3,1.49,9.4
5,7,02-Feb,05-fri,1.9,5.7,8.4,3.83,1.2
6,6,03-Mar,06-sat,2.3,7.3,6.6,2.54,2.5
7,5,12-Dec,00-sun,6.1,14.4,15.9,2.03,9.1
3,4,12-Dec,04-thu,1.3,10.9,9.4,2.53,5.3
3,5,06-Jun,05-fri,-1.0,11.0,12.3,2.31,1.5
7,4,03-Mar,03-wed,0.3,11.7,5.7,3.16,543.3
7,6,03-Mar,02-tue,-0.4,8.4,9.8,1.49,5.2
5,7,09-Sep,01-mon,-1.1,5.7,4.3,1.74,2.5
3,7,03-Mar,05-fri,-0.8,7.9,10.1,3.63,0.3
6,6,12-Dec,01-mon,1.8,11.8,15.6,3.81,2.2
4,7,04-Apr,00-sun,-3.1,1.0,8.6,3.62,11.7
4,7,04-Apr,04-thu,-0.6,6.1,4.5,1.97,0.9
7,4,03-Mar,01-mon,2.6,13.2,4.4,3.23,5.9
5,6,03-Mar,03-wed,-0.5,5.9,8.7,2.17,5.2
4,5,02-Feb,03-wed,2.2,10.3,5.9,2.24,0.3
3,4,04-Apr,04-thu,0.4,8.7,4.3,1.22,4.6
7,6,03-Mar,06-sat,2.6,7.3,13.1,2.57,6.1
6,4,04-Apr,00-sun,-0.4,5.9,9.5,1.15,5.5
7,5,04-Apr,04-thu,3.3,9.3,7.5,1.66,0.9
6,5,03-Mar,04-thu,-5.1,-1.8,14.8,3.49,7.6
7,6,03-Mar,05-fri,10.1,13.3,5.4,1.22,6.0
7,5,11-Nov,06-sat,-1.4,9.1,15.5,0.75,32.5
7,4,03-Mar,01-mon,2.5,7.9,7.8,0.74,3.8
6,5,04-Apr,02-tue,-2.8,4.8,14.7,3.79,2.6
6,4,12-Dec,06-sat,4.1,9.8,11.2,2.27,1.7
7,4,03-Mar,05-fri,2.1,13.5,13.9,1.93,12.7
4,5,03-Mar,05-fri,-0.7,4.6,15.8,3.34,4.5
5,6,04-Apr,01-mon,3.2,10.1,7.5,3.43,0.3
5,7,03-Mar,04-thu,0.8,11.6,15.5,1.66,2.8
5,5,12-Dec,00-sun,3.8,14.4,8.7,2.93,1.9
6,4,06-Jun,02-tue,-4.9,-0.2,8.6,3.2,4.3
6,4,07-Jul,05-fri,-2.6,7.6,8.1,2.79,0.5
4,5,03-Mar,06-sat,7.3,14.4,10.5,1.03,10.9
5,6,04-Apr,01-mon,2.9,10.2,5.8,3.57,6.7
5,6,04-Apr,03-wed,0.9,5.1,10.6,2.39,162.3
7,4,01-Jan,00-sun,1.2,4.9,10.5,1.49,0.1
6,4,03-Mar,02-tue,1.5,11.0,13.1,1.99,48.7
5,6,06-Jun,06-sat,-1.6,5.9,14.0,0.63,1.3
4,7,02-Feb,02-tue,3.5,10.4,9.3,0.95,0.1
4,5,04-Apr,03-wed,-3.2,6.3,7.6,3.18,3.5
5,4,04-Apr,06-sat,2.0,11.9,7.1,0.5,8.5
6,4,03-Mar,06-sat,-2.0,2.4,6.3,1.96,13.9
4,6,04-Apr,01-mon,4.9,13.4,4.7,2.33,2.4
7,5,03-Mar,04-thu,-1.1,3.2,8.1,0.69,1.2
4,6,06-Jun,06-sat,-1.3,8.5,7.2,3.91,1.3
3,5,03-Mar,05-fri,4.3,13.2,15.6,1.29,0.5
3,5,06-Jun,01-mon,-2.9,8.7,10.7,1.56,3.2
6,5,02-Feb,06-sat,3.2,6.8,8.2,1.56,28.5
5,4,03-Mar,00-sun,5.6,9.1,11.0,1.31,2.9
6,7,05-May,00-sun,0.4,6.0,5.7,0.51,8.0
6,6,03-Mar,01-mon,2.3,7.7,9.3,3.05,1.8
6,7,06-Jun,03-wed,-7.2,-2.0,11.5,3.88,0.3
6,6,05-May,03-wed,-4.1,7.1,9.9,1.29,2.2
7,5,03-Mar,04-thu,4.4,9.6,8.8,2.82,0.3
7,4,04-Apr,04-thu,1.7,7.2,15.9,3.1,8.3
4,7,11-Nov,05-fri,3.4,13.2,14.6,3.47,0.8
3,4,06-Jun,03-wed,-0.3,6.8,11.5,1.98,0.3
6,6,03-Mar,02-tue,5.1,15.1,10.8,1.56,3.3
4,4,04-Apr,06-sat,-0.8,2.8,11.4,1.64,4.1
3,4,02-Feb,06-sat,2.5,9.9,6.4,2.99,0.3
5,7,04-Apr,05-fri,-3.1,0.2,8.7,3.36,3.5
7,5,06-Jun,01-mon,-6.0,-2.4,4.5,1.14,2.0
3,4,04-Apr,03-wed,-4.9,6.2,9.7,1.8,3.3
5,5,04-Apr,04-thu,-2.7,1.6,10.5,3.66,3.1
3,6,04-Apr,01-mon,4.7,12.4,6.7,3.32,8.6
7,4,06-Jun,00-sun,-6.8,-0.1,15.6,3.95,1.1
7,7,01-Jan,05-fri,1.6,7.7,14.9,3.14,2.6
4,6,03-Mar,06-sat,-2.6,8.5,12.7,1.88,5.5
6,6,03-Mar,06-sat,-0.6,2.6,10.4,2.57,9.9
3,7,06-Jun,07-hol,-1.7,7.3,14.4,2.81,1.5
3,4,05-May,06-sat,-3.4,8.3,5.6,0.77,22.8
5,4,02-Feb,06-sat,5.4,13.5,13.5,2.41,0.9
7,6,05-May,01-mon,3.4,14.8,5.5,2.98,3.4
3,4,03-Mar,06-sat,-5.5,-2.0,13.5,1.09,3.4
7,5,03-Mar,02-tue,-0.8,6.0,7.3,3.23,9.1
3,7,04-Apr,03-wed,0.2,5.5,14.5,2.54,9.8
4,5,06-Jun,04-thu,1.2,10.8,15.3,3.83,0.8
6,4,03-Mar,05-fri,-0.1,11.7,5.8,0.65,7.2
3,6,06-Jun,04-thu,-2.2,3.1,9.6,1.43,4.4
7,7,01-Jan,01-mon,-1.0,7.9,15.8,2.61,0.4
4,4,03-Mar,02-tue,-3.3,1.4,9.8,1.54,4.3
3,4,03-Mar,03-wed,5.6,13.7,14.4,3.0,5.2
5,6,04-Apr,06-sat,-5.5,1.7,11.1,3.16,4.0
6,6,04-Apr,06-sat,7.0,18.7,8.5,0.86,5.4
3,5,03-Mar,04-thu,3.4,11.9,7.4,2.3,4.2
4,7,04-Apr,03-wed,2.0,8.2,6.4,2.28,1.6
5,7,03-Mar,00-sun,3.0,7.0,13.1,1.79,1.0
4,6,03-Mar,04-thu,0.5,4.9,8.6,3.77,8.4
4,5,03-Mar,00-sun,2.4,7.5,10.1,3.4,17.5
5,7,02-Feb,02-tue,1.6,6.9,9.9,2.94,0.3
4,6,03-Mar,01-mon,2.9,13.6,10.9,3.0,8.0
5,4,12-Dec,02-tue,2.1,10.1,14.4,2.12,0.2
3,7,04-Apr,02-tue,-2.9,4.9,15.8,3.72,9.3
5,5,04-Apr,06-sat,-2.6,1.4,8.9,2.93,1.0
5,5,05-May,03-wed,-4.2,6.5,13.9,3.05,1.2
6,5,04-Apr,00-sun,2.9,12.4,13.2,3.52,10.4
5,4,05-May,00-sun,-3.1,0.5,10.9,1.46,1.5
5,7,04-Apr,00-sun,-5.7,3.6,15.5,3.32,10.2
3,7,03-Mar,00-sun,2.4,10.3,6.4,1.18,4.9
6,4,04-Apr,00-sun,4.5,8.3,5.3,1.71,0.8
7,7,03-Mar,03-wed,3.6,10.7,14.2,1.67,2.2
3,4,04-Apr,03-wed,-1.8,5.6,9.3,3.92,16.6
3,4,03-Mar,00-sun,-3.5,1.0,14.2,3.5,0.2
7,4,03-Mar,02-tue,0.8,12.4,14.7,2.95,1.2
5,5,03-Mar,06-sat,0.8,11.4,4.7,3.04,12.0
4,7,05-May,04-thu,-4.2,4.9,14.6,2.47,3.1
6,4,03-Mar,05-fri,2.9,10.1,9.4,3.81,0.8
4,7,06-Jun,06-sat,3.4,10.1,10.1,2.24,1.1
7,5,03-Mar,04-thu,1.9,10.8,11.5,1.83,38.6
3,4,05-May,06-sat,-0.8,7.1,15.1,1.07,2.5
3,6,03-Mar,04-thu,-1.6,2.0,4.2,3.25,0.9
6,5,03-Mar,03-wed,5.4,13.1,9.7,3.07,1.1
3,6,06-Jun,02-tue,-2.4,7.9,12.3,1.85,1.4
3,7,06-Jun,05-fri,-3.9,3.2,12.7,0.59,4.8
6,7,02-Feb,01-mon,2.4,5.8,12.3,3.44,1.4
6,5,03-Mar,03-wed,2.7,12.7,5.6,0.54,0.2
7,7,02-Feb,06-sat,2.6,7.4,7.6,2.96,1.2
3,6,03-Mar,04-thu,4.9,10.2,8.3,3.9,0.9
3,4,03-Mar,00-sun,2.4,6.9,13.7,2.03,3.0
7,4,03-Mar,02-tue,0.4,6.4,7.3,1.32,0.3
5,4,03-Mar,04-thu,2.5,12.3,6.5,2.97,0.6
5,5,03-Mar,01-mon,2.7,10.4,15.5,3.36,1.6
5,7,04-Apr,00-sun,-3.9,1.0,4.1,2.41,2.4
7,6,04-Apr,04-thu,3.4,14.3,16.0,3.88,2.5
3,7,04-Apr,02-tue,-0.9,10.0,12.1,0.68,0.7
7,7,03-Mar,03-wed,0.4,11.3,13.9,2.27,1.4
7,7,11-Nov,04-thu,3.5,8.7,7.5,3.01,8.3
5,4,02-Feb,04-thu,4.4,11.5,4.2,3.52,1.0
4,6,10-Oct,07-hol,-2.1,9.8,12.9,1.13,0.1
3,6,06-Jun,03-wed,0.2,10.2,14.0,3.3,1.5
5,7,02-Feb,03-wed,0.5,3.7,12.9,2.43,0.5
4,4,11-Nov,06-sat,6.7,10.3,5.7,1.89,0.6
4,4,07-Jul,01-mon,-5.0,2.2,13.0,0.96,11.0
6,6,03-Mar,06-sat,2.0,13.2,13.2,3.53,1.5
3,4,03-Mar,05-fri,-1.1,6.8,11.9,1.05,5.7
4,4,06-Jun,02-tue,4.5,12.0,13.2,1.58,18.8
5,4,02-Feb,00-sun,-1.5,2.4,14.2,1.52,4.3
6,5,04-Apr,01-mon,1.6,10.5,11.4,3.55,1.6
3,7,04-Apr,06-sat,-2.2,8.2,5.1,2.85,16.5
7,6,03-Mar,06-sat,0.2,6.6,9.9,3.29,6.3
5,6,05-May,03-wed,0.1,10.1,4.9,1.38,97.5
4,5,04-Apr,04-thu,3.7,15.4,8.9,2.69,1.9
4,7,03-Mar,06-sat,6.1,11.0,8.9,2.5,0.4
5,6,01-Jan,04-thu,-2.1,5.6,4.8,3.41,0.6
4,4,04-Apr,02-tue,0.8,6.4,8.2,3.67,45.0
6,6,02-Feb,02-tue,6.5,16.7,5.3,0.54,0.4
3,4,01-Jan,05-fri,-2.6,5.6,13.7,2.86,5.3
6,5,01-Jan,03-wed,3.4,12.2,15.4,0.68,0.2
4,4,06-Jun,00-sun,-2.2,8.0,4.9,2.42,1.8
7,6,04-Apr,00-sun,1.2,7.8,15.5,1.51,17.2
3,6,02-Feb,06-sat,-0.2,11.1,10.3,1.57,1.4
3,6,03-Mar,01-mon,-3.1,4.7,7.6,1.74,3.2
5,5,04-Apr,05-fri,-5.7,-1.3,4.9,2.67,7.0
5,5,05-May,04-thu,1.7,10.9,10.0,1.67,21.6
7,7,05-May,04-thu,2.1,12.2,13.5,3.06,8.5
3,6,06-Jun,04-thu,-1.3,4.6,12.5,1.92,0.1
7,4,10-Oct,02-tue,-1.6,9.1,4.6,0.74,0.5
5,5,01-Jan,01-mon,-2.4,8.8,4.9,3.24,1.1
5,6,04-Apr,01-mon,1.7,7.2,8.8,1.5,10.8
3,6,06-Jun,00-sun,-5.5,6.4,7.5,2.01,4.8
6,5,03-Mar,02-tue,-0.9,3.4,6.8,2.9,5.9
4,7,03-Mar,06-sat,-0.5,4.3,7.4,1.66,1.1
5,5,04-Apr,01-mon,-0.6,4.1,13.6,0.7,2.1
5,5,04-Apr,06-sat,-2.3,8.8,15.2,1.81,8.9
6,4,04-Apr,02-tue,0.1,9.0,8.9,3.81,6.6
6,4,03-Mar,07-hol,-0.6,3.8,14.9,2.75,1.7
7,7,03-Mar,02-tue,3.4,10.3,7.9,2.85,1.8
7,6,04-Apr,03-wed,3.1,11.6,9.7,2.71,2.8
4,5,05-May,00-sun,-0.9,2.8,6.7,1.2,0.6
4,7,02-Feb,01-mon,3.6,14.5,11.7,1.96,4.7
3,4,03-Mar,03-wed,7.6,17.8,15.7,3.13,6.6
7,5,02-Feb,02-tue,-1.4,6.2,11.2,0.85,5.4
5,6,05-May,00-sun,-5.0,6.8,8.3,1.47,4.2
7,4,03-Mar,01-mon,3.3,10.1,11.8,1.47,11.4
5,4,01-Jan,00-sun,8.3,20.2,5.5,2.01,0.8
6,4,02-Feb,00-sun,1.4,10.4,14.7,3.93,3.5
7,7,03-Mar,05-fri,6.4,15.1,10.0,0.74,0.6
6,6,06-Jun,05-fri,-1.9,2.6,9.4,2.32,1.2
4,5,03-Mar,06-sat,-0.8,10.1,11.0,1.13,19.7
4,7,11-Nov,03-wed,-1.7,5.1,11.5,3.9,0.1
3,7,03-Mar,01-mon,3.1,7.6,4.9,0.9,6.7
7,7,02-Feb,02-tue,-0.6,2.5,12.2,1.91,2.2
6,4,03-Mar,01-mon,1.5,9.5,6.9,3.08,0.5
5,6,04-Apr,01-mon,4.8,12.5,12.6,2.97,4.2
4,7,04-Apr,00-sun,-0.9,8.6,13.9,1.98,13.9
4,5,03-Mar,06-sat,5.2,16.2,13.6,1.71,20.5
5,6,03-Mar,06-sat,-2.4,1.3,10.6,1.89,17.5
6,5,03-Mar,00-sun,-0.4,9.2,10.2,1.42,2.1
6,6,03-Mar,04-thu,-3.0,1.7,5.7,1.22,0.3
7,5,03-Mar,05-fri,1.5,12.2,13.3,2.19,3.1
7,4,03-Mar,00-sun,3.6,14.0,7.3,1.44,4.8
3,7,05-May,04-thu,-1.0,6.8,10.0,1.51,4.3
4,5,02-Feb,01-mon,5.8,15.2,7.4,2.8,3.5
7,6,04-Apr,00-sun,-2.2,3.6,5.6,3.89,3.2
6,7,03-Mar,06-sat,1.9,9.2,11.6,2.61,2.3
5,7,03-Mar,05-fri,-0.3,10.1,4.7,0.77,2.0
6,6,04-Apr,02-tue,1.1,8.2,13.0,0.76,0.4
4,5,06-Jun,06-sat,-0.7,5.6,7.8,3.83,1.3
6,4,06-Jun,06-sat,-0.4,7.0,4.0,1.54,0.5
3,4,04-Apr,03-wed,-3.2,7.2,10.1,0.82,8.3
4,5,03-Mar,05-fri,-1.4,4.6,4.6,2.6,2.4
5,7,05-May,01-mon,-3.4,1.2,7.3,2.68,9.0
3,7,04-Apr,05-fri,-0.7,8.7,12.5,2.77,3.2
4,7,02-Feb,00-sun,2.4,12.9,4.8,1.44,2.3
5,7,04-Apr,02-tue,2.1,6.0,14.1,0.55,0.2
3,5,05-May,04-thu,-3.8,1.4,4.0,3.88,2.6
3,7,03-Mar,01-mon,-3.6,0.7,7.0,1.38,53.4
4,6,04-Apr,01-mon,6.5,12.6,12.9,2.87,4.1
7,7,11-Nov,03-wed,-2.1,4.9,7.8,2.97,0.1
3,4,03-Mar,00-sun,3.8,13.5,5.2,2.64,0.6
3,7,04-Apr,06-sat,0.1,9.0,8.3,1.6,13.9
5,5,05-May,00-sun,-0.5,8.1,7.2,1.45,0.4
6,4,04-Apr,01-mon,-0.0,6.2,14.1,2.59,4.0
4,5,04-Apr,04-thu,-1.2,9.4,7.8,3.53,9.0
4,5,03-Mar,06-sat,2.6,9.9,13.5,3.81,4.7
7,4,02-Feb,02-tue,0.8,12.7,14.7,0.87,0.6
7,5,04-Apr,02-tue,3.5,12.2,9.2,1.04,2.2
4,5,03-Mar,06-sat,3.0,7.1,14.9,3.81,5.6
7,7,03-Mar,06-sat,3.0,12.1,8.5,3.08,0.4
5,6,03-Mar,02-tue,-0.3,5.7,15.6,3.59,1.0
4,5,04-Apr,07-hol,-0.7,8.5,5.1,1.21,8.8
7,5,06-Jun,07-hol,-5.7,-2.1,12.2,2.56,1.1
4,5,04-Apr,06-sat,-1.1,3.5,9.9,2.95,10.6
6,7,11-Nov,04-thu,-1.9,8.8,8.7,2.88,0.5
3,6,03-Mar,00-sun,5.2,10.2,11.6,1.93,65.7
4,4,05-May,05-fri,-1.1,9.4,12.4,0.55,1.2
3,7,04-Apr,05-fri,0.5,6.0,4.1,2.54,68.1
7,7,04-Apr,06-sat,-0.7,8.1,6.0,1.39,5.0
3,6,02-Feb,05-fri,2.8,12.0,12.6,2.08,1.0
4,6,03-Mar,04-thu,8.6,16.3,12.0,3.85,3.8
6,7,05-May,02-tue,-2.2,3.6,15.6,1.9,2.8
7,4,03-Mar,06-sat,-0.7,4.2,13.1,3.44,8.7
4,7,03-Mar,00-sun,2.8,6.1,15.4,1.16,8.9
7,6,03-Mar,03-wed,-6.3,-0.6,12.4,2.85,9.3
5,4,03-Mar,02-tue,1.4,10.3,7.6,3.92,11.9
3,6,09-Sep,01-mon,-2.4,9.1,5.3,0.86,0.6
5,4,03-Mar,06-sat,-1.7,9.1,13.4,0.53,3.3
4,5,06-Jun,05-fri,-0.6,9.3,11.7,2.02,0.7
6,6,12-Dec,05-fri,2.3,12.4,4.6,0.82,0.8
7,6,03-Mar,02-tue,-4.2,4.8,8.3,3.12,1.6
3,7,02-Feb,05-fri,0.2,5.6,15.5,3.7,76.7
7,6,03-Mar,06-sat,-7.4,3.7,10.0,2.02,2.5
4,6,03-Mar,00-sun,2.1,11.2,9.2,1.41,2.1
7,5,03-Mar,04-thu,2.1,10.1,9.5,2.02,40.9
3,6,11-Nov,06-sat,-1.1,2.9,6.5,3.03,1.0
4,5,05-May,05-fri,0.4,7.4,8.4,0.53,30.9
7,5,04-Apr,00-sun,-3.8,3.3,8.4,2.56,0.1
6,5,02-Feb,01-mon,-0.7,10.0,4.6,2.65,2.2
4,5,01-Jan,04-thu,3.8,11.7,13.2,2.73,1.3
4,4,06-Jun,04-thu,-4.2,2.2,9.0,1.35,0.4
6,7,04-Apr,06-sat,-0.2,11.6,13.9,3.0,1.3
5,4,04-Apr,01-mon,-1.7,2.3,14.2,0.82,4.0
3,6,04-Apr,00-sun,-1.2,5.6,6.5,1.2,0.9
5,4,02-Feb,05-fri,1.1,4.4,11.9,3.57,1.1
7,4,11-Nov,00-sun,-0.9,8.8,9.7,3.09,4.6
6,6,04-Apr,07-hol,0.9,12.2,14.6,0.55,2.5
5,6,10-Oct,00-sun,-1.9,3.6,6.6,1.37,0.1
4,6,11-Nov,05-fri,1.3,12.0,12.1,1.25,1.8
7,4,02-Feb,05-fri,-0.0,5.6,11.3,1.45,0.5
7,4,06-Jun,00-sun,-6.8,4.4,7.5,1.37,36.0
5,6,04-Apr,06-sat,2.7,12.5,5.6,0.72,0.7
5,7,04-Apr,01-mon,1.5,11.7,11.8,2.11,50.7
6,7,03-Mar,03-wed,8.1,11.3,12.9,3.06,2.7
3,5,03-Mar,00-sun,-1.9,9.8,7.8,2.62,0.2
5,6,04-Apr,01-mon,-0.6,8.9,11.7,2.86,2.5
5,5,04-Apr,01-mon,-0.4,5.4,8.7,0.78,4.4
4,7,02-Feb,02-tue,5.1,15.6,12.6,3.83,3.1
7,5,04-Apr,01-mon,-1.5,4.0,6.4,3.43,0.2
3,6,03-Mar,05-fri,-2.3,8.6,14.7,3.32,25.3
4,6,03-Mar,01-mon,4.9,8.9,7.4,3.38,3.9
6,6,03-Mar,03-wed,0.3,9.6,8.4,3.76,6.2
6,4,10-Oct,00-sun,2.6,10.5,4.7,2.4,4.7
5,5,03-Mar,06-sat,3.5,7.4,5.3,1.2,4.0
5,7,03-Mar,05-fri,1.2,6.3,10.2,2.66,2.8
6,7,04-Apr,05-fri,-0.5,2.6,7.2,3.1,8.2
5,7,03-Mar,02-tue,0.1,7.3,14.0,3.08,1.3
3,4,04-Apr,03-wed,-0.0,5.7,4.2,2.33,13.3
5,4,05-May,01-mon,1.3,9.7,8.5,0.74,3.0
7,6,03-Mar,06-sat,-1.1,4.5,8.0,1.8,10.2
5,7,06-Jun,07-hol,-1.8,3.9,4.2,3.72,0.5
4,4,09-Sep,06-sat,-4.6,5.1,5.5,2.55,0.1
3,6,03-Mar,06-sat,-1.7,1.7,9.0,2.38,2.9
4,7,06-Jun,03-wed,-2.3,8.9,9.9,1.44,1.0
4,5,04-Apr,00-sun,-5.9,4.8,8.9,1.79,0.9
7,6,04-Apr,06-sat,6.2,15.2,10.4,3.63,8.2
3,4,03-Mar,03-wed,-2.3,6.0,11.1,2.83,0.8
3,4,02-Feb,05-fri,2.0,13.1,4.1,3.26,0.6
3,6,03-Mar,01-mon,4.8,9.4,9.6,2.09,2.6
3,6,05-May,00-sun,-3.8,-0.1,15.6,2.71,0.3
3,4,02-Feb,06-sat,-4.7,0.4,10.2,1.37,1.0
7,5,03-Mar,02-tue,-0.1,10.1,12.1,2.97,1.1
5,7,06-Jun,00-sun,-4.8,-1.5,7.7,2.0,0.6
4,5,08-Aug,00-sun,-9.0,-0.7,13.3,2.05,4.5
3,6,03-Mar,02-tue,2.1,14.1,13.3,2.77,1.3
5,5,02-Feb,01-mon,2.8,13.5,10.3,3.78,0.6
5,4,09-Sep,03-wed,2.2,9.9,15.7,0.72,3.5
4,6,06-Jun,00-sun,-5.5,-2.0,5.5,3.39,3.5
7,7,04-Apr,02-tue,-4.8,5.7,4.2,1.52,0.8
6,4,03-Mar,05-fri,0.0,8.4,13.2,2.05,2.2
6,4,05-May,05-fri,-1.5,2.5,13.7,0.58,1.6
5,7,03-Mar,03-wed,4.0,7.9,5.4,1.55,24.5
4,7,04-Apr,05-fri,4.2,15.4,7.2,2.26,222.9
6,5,04-Apr,06-sat,3.6,12.7,4.2,0.7,7.9
5,6,07-Jul,06-sat,-1.7,8.8,7.5,2.22,1.7
7,7,04-Apr,04-thu,2.4,13.3,13.3,3.74,1.7
6,7,03-Mar,05-fri,-0.7,7.5,10.2,0.87,4.8
5,6,03-Mar,01-mon,1.8,9.4,8.2,3.18,2.8
5,7,03-Mar,01-mon,-2.3,4.5,8.5,1.93,4.2
3,7,06-Jun,04-thu,-2.0,3.9,4.0,2.79,2.3
7,5,04-Apr,02-tue,0.3,7.2,7.6,1.41,5.8
3,4,04-Apr,00-sun,5.2,15.1,11.8,1.06,4.1
4,4,03-Mar,00-sun,0.6,9.0,15.7,1.06,0.1
3,4,02-Feb,03-wed,2.4,13.5,14.2,0.75,0.1
3,4,03-Mar,04-thu,2.0,9.0,4.3,1.15,24.1
6,7,02-Feb,03-wed,0.8,9.3,14.8,2.82,0.5
5,6,04-Apr,05-fri,-2.4,6.3,13.4,3.59,1.5
7,6,05-May,06-sat,2.6,11.0,13.4,3.35,0.5
3,5,02-Feb,05-fri,-0.8,8.5,9.5,2.9,7.7
7,5,11-Nov,06-sat,-2.7,2.4,8.8,0.89,3.8
3,7,06-Jun,02-tue,-0.1,7.5,7.6,1.51,2.3
4,6,04-Apr,00-sun,3.5,7.4,4.8,1.58,4.6
3,6,02-Feb,05-fri,0.8,7.3,6.7,1.37,1.7
6,4,03-Mar,03-wed,-0.1,7.3,7.0,2.3,1.6
5,7,03-Mar,01-mon,2.1,11.0,9.8,2.37,1.3
4,7,03-Mar,06-sat,-0.9,10.7,13.0,1.75,1.3
3,4,05-May,03-wed,-3.6,4.8,9.7,1.74,6.9
7,7,03-Mar,04-thu,3.9,13.6,4.7,3.4,0.3
4,7,05-May,00-sun,0.6,8.1,15.5,3.26,4.7
4,5,03-Mar,04-thu,5.2,13.9,15.3,1.58,0.2
3,6,06-Jun,00-sun,-5.9,-2.3,13.4,3.7,0.8
4,7,04-Apr,05-fri,-1.5,3.8,15.9,3.83,13.2
7,5,03-Mar,01-mon,2.1,8.4,10.5,1.64,3.1
4,6,07-Jul,06-sat,-5.3,2.0,15.6,1.74,0.2
7,4,03-Mar,06-sat,3.2,6.6,4.9,2.27,0.1
3,5,04-Apr,00-sun,3.7,7.9,8.4,3.79,2.8
5,5,03-Mar,05-fri,-0.5,5.0,6.7,3.57,1.0
4,6,03-Mar,00-sun,1.4,13.1,6.3,0.86,54.5
5,4,04-Apr,01-mon,4.4,10.3,5.7,1.87,0.3
7,5,06-Jun,04-thu,3.2,10.6,11.5,2.44,1.7
4,7,09-Sep,01-mon,1.0,5.8,13.4,2.26,1.4
6,7,03-Mar,00-sun,3.0,11.5,10.9,1.18,0.5
